hour_of_the_week,BOROUGH,TimeFinal,Percentage_Crash,Value,Percentage_Volume,Crash/Volume Ratio
1,BRONX,727,0.000593111,190.4029605,0.000443746,1.336601289
2,BRONX,351,0.000286358,125.4819079,0.000292443,0.97919044
3,BRONX,232,0.000189273,97.01480263,0.000226099,0.8371266
4,BRONX,223,0.000181931,94.69078947,0.000220683,0.824400577
5,BRONX,262,0.000213748,145.0921053,0.000338146,0.632118747
6,BRONX,322,0.000262698,281.9884868,0.000657191,0.399728999
7,BRONX,582,0.000474815,510.4210526,0.001189567,0.39914948
8,BRONX,961,0.000784016,679.6973684,0.001584076,0.494935905
9,BRONX,1892,0.001543557,677.1118421,0.00157805,0.978141948
10,BRONX,1673,0.00136489,586.6611842,0.00136725,0.998273972
11,BRONX,1358,0.001107902,532.4194079,0.001240836,0.892867579
12,BRONX,1275,0.001040188,544.625,0.001269282,0.819509087
13,BRONX,1367,0.001115245,561.2023026,0.001307916,0.852688158
14,BRONX,1467,0.001196828,579.3980263,0.001350322,0.886327581
15,BRONX,1707,0.001392628,639.6381579,0.001490716,0.93420098
16,BRONX,1598,0.001303702,701.6233553,0.001635176,0.797285562
17,BRONX,2035,0.001660222,715.1332237,0.001666662,0.996135964
18,BRONX,1903,0.001552532,706.1069079,0.001645625,0.943429582
19,BRONX,1581,0.001289833,675.3947368,0.001574049,0.819436603
20,BRONX,1245,0.001015713,576.0822368,0.001342595,0.756529781
21,BRONX,1003,0.000818281,471.1447368,0.001098032,0.745225575
22,BRONX,762,0.000621665,388.6085526,0.000905676,0.686410279
23,BRONX,628,0.000512344,320.0197368,0.000745826,0.686948282
24,BRONX,442,0.000360598,259.2976974,0.000604309,0.596711999
25,BRONX,575,0.000469104,179.0986842,0.0004174,1.123871378
26,BRONX,230,0.000187642,119.2467105,0.000277912,0.675184696
27,BRONX,176,0.000143587,92.44407895,0.000215447,0.666460983
28,BRONX,129,0.000105243,92.10361842,0.000214653,0.490291291
29,BRONX,141,0.000115033,133.3601974,0.000310804,0.370112749
30,BRONX,237,0.000193353,262.7532895,0.000612363,0.315748536
31,BRONX,557,0.000454419,493.9868421,0.001151266,0.394712587
32,BRONX,1048,0.000854994,671.5838816,0.001565167,0.546263496
33,BRONX,1932,0.001576191,661.9802632,0.001542785,1.021652595
34,BRONX,1690,0.001378759,586.4243421,0.001366698,1.008825095
35,BRONX,1443,0.001177248,544.8848684,0.001269887,0.927049118
36,BRONX,1410,0.001150326,552.5625,0.001287781,0.893262015
37,BRONX,1421,0.0011593,564.4539474,0.001315494,0.881265411
38,BRONX,1554,0.001267806,581.6776316,0.001355635,0.935211444
39,BRONX,1811,0.001477475,638.8618421,0.001488907,0.992322097
40,BRONX,1659,0.001353468,695.4194079,0.001620717,0.83510434
41,BRONX,2052,0.001674091,715.9029605,0.001668456,1.003377503
42,BRONX,1903,0.001552532,713.3782895,0.001662572,0.933813314
43,BRONX,1606,0.001310229,659.7845395,0.001537668,0.852088233
44,BRONX,1318,0.001075269,586.4868421,0.001366843,0.786680343
45,BRONX,1006,0.000820729,484.9638158,0.001130238,0.726155793
46,BRONX,801,0.000653483,404.3322368,0.000942321,0.693482186
47,BRONX,670,0.000546609,334.5230263,0.000779626,0.701116111
48,BRONX,531,0.000433208,260.2029703,0.000606419,0.71437037
49,BRONX,634,0.000517239,180.3531353,0.000420324,1.230571132
50,BRONX,238,0.000194168,120.7739274,0.000281471,0.68983453
51,BRONX,182,0.000148482,94.49669967,0.00022023,0.674211116
52,BRONX,145,0.000118296,93.07755776,0.000216923,0.54533602
53,BRONX,154,0.000125638,141.8894389,0.000330682,0.379937194
54,BRONX,251,0.000204774,280.7805281,0.000654376,0.312930502
55,BRONX,548,0.000447077,521.8613861,0.00121623,0.367592428
56,BRONX,936,0.00076362,709.9389439,0.001654556,0.461525828
57,BRONX,1904,0.001553347,700.7029703,0.001633031,0.95120505
58,BRONX,1552,0.001266174,602.6881188,0.001404601,0.901447105
59,BRONX,1251,0.001020608,552.2079208,0.001286954,0.793041363
60,BRONX,1260,0.00102795,553.4570957,0.001289866,0.796943893
61,BRONX,1368,0.001116061,569.6155116,0.001327524,0.840708526
62,BRONX,1464,0.001194381,591.189769,0.001377804,0.866872705
63,BRONX,1790,0.001460342,665.8019802,0.001551692,0.9411289
64,BRONX,1574,0.001284122,710.0709571,0.001654864,0.775968586
65,BRONX,1956,0.001595771,732.620462,0.001707417,0.934611171
66,BRONX,1934,0.001577822,731.9257426,0.001705798,0.924976309
67,BRONX,1685,0.00137468,679.2293729,0.001582986,0.868409585
68,BRONX,1335,0.001089138,597.9372937,0.001393529,0.781568029
69,BRONX,1035,0.000844388,497.9570957,0.001160519,0.727594799
70,BRONX,865,0.000705696,409.7920792,0.000955045,0.738913684
71,BRONX,665,0.000542529,333.2673267,0.0007767,0.698505884
72,BRONX,505,0.000411996,281.7574257,0.000656653,0.627418282
73,BRONX,641,0.000522949,185.5891089,0.000432527,1.209056802
74,BRONX,281,0.000229249,125.2887789,0.000291993,0.78511867
75,BRONX,194,0.000158272,95.69636964,0.000223026,0.709655264
76,BRONX,168,0.00013706,94.86138614,0.00022108,0.619956156
77,BRONX,183,0.000149298,138.8910891,0.000323694,0.46123034
78,BRONX,251,0.000204774,283.3349835,0.000660329,0.310109223
79,BRONX,528,0.00043076,535.4735974,0.001247954,0.345173163
80,BRONX,987,0.000805228,714.8151815,0.00166592,0.483353143
81,BRONX,1987,0.001621062,706.6980198,0.001647003,0.98424939
82,BRONX,1657,0.001351836,604.8052805,0.001409536,0.959065118
83,BRONX,1328,0.001083427,552.9389439,0.001288658,0.840740673
84,BRONX,1331,0.001085875,552.9768977,0.001288746,0.842582101
85,BRONX,1446,0.001179696,571.1138614,0.001331016,0.886312253
86,BRONX,1498,0.001222119,588.8844884,0.001372431,0.890477314
87,BRONX,1664,0.001357547,664.0544554,0.001547619,0.877184176
88,BRONX,1674,0.001365706,717.9653465,0.001673262,0.816193501
89,BRONX,1938,0.001581086,731.7557756,0.001705401,0.927104684
90,BRONX,1936,0.001579454,725.3993399,0.001690587,0.934263449
91,BRONX,1664,0.001357547,690.2161716,0.001608591,0.843935689
92,BRONX,1316,0.001073637,623.0066007,0.001451955,0.739442491
93,BRONX,1092,0.00089089,519.6947195,0.00121118,0.735555582
94,BRONX,863,0.000704064,427.820132,0.000997061,0.706139881
95,BRONX,719,0.000586584,364.1815182,0.000848747,0.691117914
96,BRONX,559,0.000456051,371.6705298,0.000866201,0.526495717
97,BRONX,703,0.000573531,200.8096026,0.000467999,1.225496315
98,BRONX,343,0.000279831,136.4784768,0.000318071,0.879773983
99,BRONX,284,0.000231697,105.9354305,0.000246889,0.938465401
100,BRONX,195,0.000159088,104.1639073,0.00024276,0.655327677
101,BRONX,221,0.000180299,141.9884106,0.000330913,0.544854494
102,BRONX,316,0.000257803,278.4288079,0.000648895,0.397295893
103,BRONX,564,0.00046013,518.0976821,0.001207458,0.381073384
104,BRONX,974,0.000794622,699.4205298,0.001630042,0.487485545
105,BRONX,1955,0.001594955,701.7450331,0.00163546,0.975233421
106,BRONX,1747,0.001425261,604.1953642,0.001408114,1.012177497
107,BRONX,1378,0.001124219,559.6688742,0.001304342,0.861904652
108,BRONX,1465,0.001195196,579.4519868,0.001350448,0.885036802
109,BRONX,1452,0.001184591,604.897351,0.00140975,0.840284002
110,BRONX,1518,0.001238436,627.9536424,0.001463484,0.846224021
111,BRONX,1901,0.0015509,695.1076159,0.001619991,0.95735108
112,BRONX,1794,0.001463606,733.3294702,0.001709069,0.856375949
113,BRONX,2235,0.001823388,738.8708609,0.001721984,1.0588883
114,BRONX,2104,0.001716514,740.013245,0.001724646,0.995284874
115,BRONX,1892,0.001543557,721.5678808,0.001681658,0.917878295
116,BRONX,1514,0.001235172,664.2516556,0.001548079,0.797874143
117,BRONX,1289,0.00105161,574.8476821,0.001339718,0.784948736
118,BRONX,1047,0.000854178,494.8625828,0.001153307,0.740633285
119,BRONX,993,0.000810123,436.013245,0.001016155,0.797243024
120,BRONX,784,0.000639614,405.2303231,0.000944414,0.677259785
121,BRONX,976,0.000796254,290.4141079,0.000676828,1.176449445
122,BRONX,605,0.000493579,216.2481328,0.000503979,0.979364077
123,BRONX,489,0.000398943,167.173444,0.000389608,1.023959386
124,BRONX,415,0.000338571,141.8514523,0.000330593,1.024130905
125,BRONX,543,0.000442998,154.4539419,0.000359964,1.230671078
126,BRONX,410,0.000334492,176.046473,0.000410287,0.815262919
127,BRONX,434,0.000354072,260.3095436,0.000606667,0.583634291
128,BRONX,446,0.000363862,364.1892116,0.000848765,0.428695519
129,BRONX,793,0.000646956,451.4315353,0.001052089,0.614925432
130,BRONX,929,0.00075791,513.9095436,0.001197698,0.632805424
131,BRONX,1038,0.000846835,561.6583748,0.001308979,0.646943384
132,BRONX,1260,0.00102795,615.9320066,0.001435467,0.716108674
133,BRONX,1303,0.001063031,650.1168186,0.001515137,0.701607424
134,BRONX,1490,0.001215592,666.3421707,0.001552951,0.782762715
135,BRONX,1631,0.001330625,688.1367026,0.001603745,0.829698683
136,BRONX,1445,0.00117888,697.026512,0.001624463,0.725704325
137,BRONX,1766,0.001440762,697.5816073,0.001625757,0.886210394
138,BRONX,1636,0.001334704,688.1118476,0.001603687,0.832272271
139,BRONX,1459,0.001190301,671.1027341,0.001564046,0.761039933
140,BRONX,1297,0.001058136,627.4913007,0.001462407,0.723558131
141,BRONX,1106,0.000902312,564.920464,0.001316582,0.685344578
142,BRONX,1054,0.000859889,496.5584093,0.00115726,0.743038696
143,BRONX,1006,0.000820729,457.7845899,0.001066895,0.769268542
144,BRONX,798,0.000651035,263.3004149,0.000613638,1.060944118
145,BRONX,953,0.00077749,325.9120332,0.000759558,1.023607988
146,BRONX,643,0.000524581,245.5908714,0.000572365,0.916515712
147,BRONX,504,0.00041118,186.0116183,0.000433511,0.948487533
148,BRONX,513,0.000418523,156.7568465,0.000365331,1.145597372
149,BRONX,635,0.000518054,154.839834,0.000360864,1.435595835
150,BRONX,516,0.00042097,146.0157676,0.000340299,1.237060977
151,BRONX,402,0.000327965,191.1087137,0.000445391,0.736354127
152,BRONX,360,0.0002937,251.8182573,0.000586878,0.500445108
153,BRONX,591,0.000482158,312.146888,0.000727477,0.662780364
154,BRONX,669,0.000545793,397.3676349,0.00092609,0.589352036
155,BRONX,814,0.000664089,485.8863071,0.001132388,0.586449886
156,BRONX,934,0.000761989,543.3103734,0.001266218,0.601783174
157,BRONX,1049,0.00085581,576.0755187,0.001342579,0.637436944
158,BRONX,1223,0.000997765,605.9643154,0.001412237,0.706513669
159,BRONX,1375,0.001121771,636.273029,0.001482873,0.756485042
160,BRONX,1148,0.000936577,646.7609959,0.001507316,0.621354186
161,BRONX,1458,0.001189486,637.8630705,0.001486579,0.800149662
162,BRONX,1305,0.001064663,626.6,0.00146033,0.729056662
163,BRONX,1193,0.00097329,610.9170124,0.001423779,0.6835958
164,BRONX,1093,0.000891706,571.9029046,0.001332855,0.669019877
165,BRONX,953,0.00077749,507.0008299,0.001181596,0.65799924
166,BRONX,838,0.000683669,414.873029,0.000966887,0.70708232
167,BRONX,764,0.000623297,336.7385892,0.00078479,0.794221486
168,BRONX,626,0.000510712,251.0460526,0.000585078,0.872895185
1,BROOKLYN,1457,0.00118867,160.4647887,0.000373973,3.178490843
2,BROOKLYN,649,0.000529476,98.184379,0.000228825,2.313894004
3,BROOKLYN,450,0.000367125,69.71190781,0.000162468,2.259678779
4,BROOKLYN,355,0.000289621,63.59026889,0.000148201,1.954244297
5,BROOKLYN,414,0.000337755,94.98975672,0.000221379,1.525684476
6,BROOKLYN,541,0.000441366,197.5736236,0.000460457,0.95853828
7,BROOKLYN,1159,0.000945551,367.212548,0.000855811,1.104859577
8,BROOKLYN,1808,0.001475027,513.9564661,0.001197807,1.231439992
9,BROOKLYN,3669,0.002993294,544.2573624,0.001268425,2.359850881
10,BROOKLYN,3610,0.00294516,490.7784891,0.001143789,2.574914685
11,BROOKLYN,3265,0.002663697,452.5582586,0.001054715,2.52551442
12,BROOKLYN,3337,0.002722437,458.8681178,0.00106942,2.545713257
13,BROOKLYN,3336,0.002721621,471.3572343,0.001098527,2.477519187
14,BROOKLYN,3527,0.002877445,484.7554417,0.001129752,2.546970578
15,BROOKLYN,3894,0.003176856,521.3444302,0.001215025,2.614642828
16,BROOKLYN,3894,0.003176856,557.1920615,0.00129857,2.44642659
17,BROOKLYN,4497,0.003668804,569.2816901,0.001326746,2.765265487
18,BROOKLYN,4293,0.003502374,581.5787452,0.001355405,2.584006037
19,BROOKLYN,3602,0.002938633,539.8732394,0.001258208,2.335570974
20,BROOKLYN,2828,0.002307178,478.5326504,0.00111525,2.06875467
21,BROOKLYN,2305,0.001880497,401.6005122,0.000935955,2.009175313
22,BROOKLYN,1794,0.001463606,332.362356,0.000774591,1.889521211
23,BROOKLYN,1459,0.001190301,282.3802817,0.000658104,1.808681458
24,BROOKLYN,1135,0.000925971,234.7897436,0.000547192,1.6922242
25,BROOKLYN,1296,0.00105732,153.2307692,0.000357114,2.960739388
26,BROOKLYN,519,0.000423418,94.11666667,0.000219345,1.930376323
27,BROOKLYN,369,0.000301043,65.99615385,0.000153808,1.957261716
28,BROOKLYN,283,0.000230881,60.83076923,0.00014177,1.628561969
29,BROOKLYN,279,0.000227618,94.15384615,0.000219431,1.037306978
30,BROOKLYN,424,0.000345913,206.9333333,0.000482271,0.717259922
31,BROOKLYN,1109,0.00090476,390.9320513,0.000911091,0.993050717
32,BROOKLYN,1848,0.001507661,550.4794872,0.001282926,1.175173496
33,BROOKLYN,3700,0.003018585,571.3512821,0.001331569,2.266938193
34,BROOKLYN,3784,0.003087115,511.4923077,0.001192064,2.589722216
35,BROOKLYN,3348,0.002731411,470.1717949,0.001095764,2.49270014
36,BROOKLYN,3319,0.002707752,472.5217949,0.001101241,2.458819049
37,BROOKLYN,3399,0.002773019,480.5833333,0.001120029,2.475845961
38,BROOKLYN,3675,0.002998189,490.8846154,0.001144037,2.620710711
39,BROOKLYN,3977,0.003244571,533.1230769,0.001242476,2.611375171
40,BROOKLYN,3719,0.003034086,568.1435897,0.001324093,2.291443899
41,BROOKLYN,4503,0.003673699,589.1512821,0.001373053,2.675569776
42,BROOKLYN,4544,0.003707148,595.7833333,0.001388509,2.669876264
43,BROOKLYN,3807,0.003105879,560.4884615,0.001306253,2.377701665
44,BROOKLYN,2838,0.002315336,497.1641026,0.001158671,1.998268257
45,BROOKLYN,2384,0.001944948,418.3,0.000974874,1.995076477
46,BROOKLYN,1905,0.001554163,357.5564103,0.000833307,1.865054697
47,BROOKLYN,1591,0.001297991,300.0230769,0.000699222,1.856336399
48,BROOKLYN,1136,0.000926787,246.724359,0.000575006,1.611786313
49,BROOKLYN,1321,0.001077716,163.175641,0.000380291,2.833926953
50,BROOKLYN,543,0.000442998,100.0589744,0.000233194,1.899699657
51,BROOKLYN,393,0.000320623,70.81923077,0.000165049,1.942596074
52,BROOKLYN,300,0.00024475,63.51282051,0.000148021,1.653487883
53,BROOKLYN,346,0.000282278,96.50897436,0.00022492,1.25501686
54,BROOKLYN,461,0.000376099,206.1564103,0.00048046,0.782789954
55,BROOKLYN,1038,0.000846835,387.7038462,0.000903567,0.937213219
56,BROOKLYN,1794,0.001463606,554.1358974,0.001291448,1.133306332
57,BROOKLYN,3556,0.002901105,570.6589744,0.001329956,2.181354561
58,BROOKLYN,3370,0.00274936,512.1461538,0.001193588,2.303441287
59,BROOKLYN,3054,0.002491556,469.5410256,0.001094294,2.276861691
60,BROOKLYN,3061,0.002497267,471.5987179,0.00109909,2.272123196
61,BROOKLYN,3287,0.002681645,485.3153846,0.001131057,2.37091949
62,BROOKLYN,3369,0.002748544,506.7807692,0.001181084,2.327137509
63,BROOKLYN,4001,0.003264151,547.3910256,0.001275728,2.55865682
64,BROOKLYN,3676,0.002999005,576.7115385,0.001344061,2.231300299
65,BROOKLYN,4324,0.003527665,591.1807692,0.001377783,2.560392513
66,BROOKLYN,4367,0.003562746,605,0.001409989,2.526789007
67,BROOKLYN,3839,0.003131986,572.2384615,0.001333637,2.348454926
68,BROOKLYN,2966,0.002419763,509.3205128,0.001187003,2.038548932
69,BROOKLYN,2394,0.001953106,434.2884615,0.001012136,1.929687647
70,BROOKLYN,2002,0.001633299,365.2679487,0.000851279,1.918640771
71,BROOKLYN,1616,0.001318387,305.8410256,0.000712781,1.849638159
72,BROOKLYN,1201,0.000979816,265.4730769,0.000618701,1.583666338
73,BROOKLYN,1385,0.00112993,174.1615385,0.000405894,2.783804179
74,BROOKLYN,546,0.000445445,105.8602564,0.000246714,1.80551401
75,BROOKLYN,399,0.000325518,73.72692308,0.000171825,1.89447094
76,BROOKLYN,295,0.000240671,66.53589744,0.000155066,1.552055183
77,BROOKLYN,347,0.000283094,97.23974359,0.000226623,1.249185203
78,BROOKLYN,513,0.000418523,209.224359,0.00048761,0.858314167
79,BROOKLYN,1015,0.000828071,388.1012821,0.000904494,0.915507964
80,BROOKLYN,1762,0.001437499,554.5038462,0.001292305,1.112352673
81,BROOKLYN,3675,0.002998189,578.2346154,0.001347611,2.224817635
82,BROOKLYN,3695,0.003014506,513.9269231,0.001197738,2.516832043
83,BROOKLYN,3281,0.00267675,472.3474359,0.001100835,2.431564699
84,BROOKLYN,3322,0.0027102,479.6628205,0.001117883,2.424402554
85,BROOKLYN,3323,0.002711015,490.3461538,0.001142782,2.372295197
86,BROOKLYN,3603,0.002939449,505.5205128,0.001178146,2.494977542
87,BROOKLYN,4009,0.003270677,547.0628205,0.001274963,2.565310965
88,BROOKLYN,3701,0.003019401,579.4397436,0.00135042,2.235897893
89,BROOKLYN,4399,0.003588852,596.0935897,0.001389232,2.583334667
90,BROOKLYN,4390,0.00358151,607.0423077,0.001414749,2.531551237
91,BROOKLYN,3772,0.003077325,581.0653846,0.001354208,2.272416015
92,BROOKLYN,2973,0.002425474,524.1961538,0.001221671,1.985373591
93,BROOKLYN,2367,0.001931078,454.9038462,0.001060181,1.821460723
94,BROOKLYN,2003,0.001634115,380.3307692,0.000886384,1.843574316
95,BROOKLYN,1709,0.00139426,327.3192308,0.000762837,1.827728578
96,BROOKLYN,1231,0.001004291,305.1294872,0.000711123,1.412261225
97,BROOKLYN,1597,0.001302886,192.2384615,0.000448023,2.908076289
98,BROOKLYN,735,0.000599638,126.6910256,0.000295261,2.030872452
99,BROOKLYN,522,0.000425865,87.99102564,0.000205068,2.076697713
100,BROOKLYN,380,0.000310017,75.41410256,0.000175757,1.763892814
101,BROOKLYN,423,0.000345098,106.9397436,0.00024923,1.384657589
102,BROOKLYN,552,0.00045034,211.6358974,0.00049323,0.913042314
103,BROOKLYN,1095,0.000893338,388.7666667,0.000906044,0.985975809
104,BROOKLYN,1670,0.001362442,556.5,0.001296957,1.05049131
105,BROOKLYN,3630,0.002961476,580.5166667,0.00135293,2.18893615
106,BROOKLYN,3557,0.00290192,516.0192308,0.001202614,2.4130101
107,BROOKLYN,3185,0.00259843,481.4589744,0.00112207,2.315748076
108,BROOKLYN,3211,0.002619642,489.7051282,0.001141288,2.295338891
109,BROOKLYN,3684,0.003005531,509.324359,0.001187012,2.532015359
110,BROOKLYN,3859,0.003148302,533.2807692,0.001242843,2.533144809
111,BROOKLYN,4383,0.003575799,575.5051282,0.00134125,2.666020192
112,BROOKLYN,3958,0.00322907,606.9666667,0.001414573,2.282717195
113,BROOKLYN,4574,0.003731623,602.2602564,0.001403604,2.658600714
114,BROOKLYN,4315,0.003520322,595.1692308,0.001387078,2.537940819
115,BROOKLYN,3667,0.002991662,556.1551282,0.001296153,2.308107995
116,BROOKLYN,3025,0.002467897,507.2410256,0.001182156,2.087623459
117,BROOKLYN,2535,0.002068138,440.9987179,0.001027774,2.012249362
118,BROOKLYN,2109,0.001720593,391.4282051,0.000912247,1.886103951
119,BROOKLYN,1901,0.0015509,347.5897436,0.000810079,1.914504208
120,BROOKLYN,1601,0.00130615,336.0904426,0.000783279,1.667540271
121,BROOKLYN,1901,0.0015509,247.6183451,0.00057709,2.687450425
122,BROOKLYN,1210,0.000987159,187.3643361,0.000436664,2.26068266
123,BROOKLYN,995,0.000811755,142.8319436,0.000332879,2.438590606
124,BROOKLYN,884,0.000721197,116.4060295,0.000271291,2.658385445
125,BROOKLYN,1032,0.00084194,117.9813983,0.000274963,3.062015041
126,BROOKLYN,854,0.000696722,135.0134702,0.000314657,2.21422593
127,BROOKLYN,776,0.000633087,196.309814,0.000457512,1.383760315
128,BROOKLYN,844,0.000688564,281.5439384,0.000656155,1.049391221
129,BROOKLYN,1478,0.001205802,360.6516998,0.000840521,1.434589382
130,BROOKLYN,1795,0.001464421,413.370109,0.000963384,1.52008035
131,BROOKLYN,2216,0.001807887,442.2828736,0.001030767,1.753924097
132,BROOKLYN,2498,0.002037953,465.7203335,0.00108539,1.877622997
133,BROOKLYN,2830,0.002308809,492.3078897,0.001147354,2.012291076
134,BROOKLYN,2967,0.002420579,504.4765876,0.001175713,2.058816746
135,BROOKLYN,3349,0.002732227,513.5907633,0.001196955,2.282648836
136,BROOKLYN,3084,0.002516031,519.8383579,0.001211515,2.076764296
137,BROOKLYN,3391,0.002766492,519.7228993,0.001211246,2.284005255
138,BROOKLYN,3167,0.002583745,510.0436177,0.001188688,2.173611421
139,BROOKLYN,2991,0.002440159,504.9775497,0.001176881,2.073411504
140,BROOKLYN,2526,0.002060796,485.0404105,0.001130416,1.823041625
141,BROOKLYN,2411,0.001966975,445.5311097,0.001038337,1.894350502
142,BROOKLYN,2113,0.001723857,403.4926235,0.000940364,1.833179783
143,BROOKLYN,2120,0.001729567,367.4271969,0.000856312,2.019787699
144,BROOKLYN,1829,0.00149216,229.8346154,0.000535644,2.785732613
145,BROOKLYN,1991,0.001624325,278.2044872,0.000648373,2.505233965
146,BROOKLYN,1413,0.001152773,210.5794872,0.000490768,2.348914775
147,BROOKLYN,1127,0.000919445,158.5557692,0.000369524,2.488187068
148,BROOKLYN,1065,0.000868863,127.6461538,0.000297487,2.920673672
149,BROOKLYN,1163,0.000948815,118.0089744,0.000275027,3.449894708
150,BROOKLYN,1029,0.000839493,109.4051282,0.000254975,3.292447487
151,BROOKLYN,827,0.000674694,146.8583333,0.000342262,1.971278911
152,BROOKLYN,700,0.000571084,208.4551282,0.000485817,1.175510785
153,BROOKLYN,1256,0.001024687,273.1089744,0.000636497,1.60988491
154,BROOKLYN,1464,0.001194381,345.8455128,0.000806014,1.481835835
155,BROOKLYN,1873,0.001528057,409.9032051,0.000955304,1.59954928
156,BROOKLYN,2300,0.001876418,454.2096154,0.001058563,1.772607873
157,BROOKLYN,2594,0.002116273,478.7839744,0.001115835,1.896581578
158,BROOKLYN,2875,0.002345522,499.3410256,0.001163745,2.015495169
159,BROOKLYN,3226,0.00263188,512.2352564,0.001193796,2.20463175
160,BROOKLYN,3022,0.002465449,515.5737179,0.001201576,2.051846421
161,BROOKLYN,3196,0.002607405,508.3371795,0.001184711,2.200878446
162,BROOKLYN,2885,0.00235368,493.3435897,0.001149767,2.047092605
163,BROOKLYN,2732,0.002228858,471.774359,0.001099499,2.027157644
164,BROOKLYN,2251,0.001836442,435.4929487,0.001014943,1.809403929
165,BROOKLYN,2090,0.001705092,384.8474359,0.00089691,1.901073247
166,BROOKLYN,1866,0.001522346,328.9365385,0.000766607,1.985823671
167,BROOKLYN,1665,0.001358363,287.0128205,0.000668901,2.030738969
168,BROOKLYN,1306,0.001065479,221.8501921,0.000517035,2.060746303
1,MANHATTAN,955,0.000779121,311.0139535,0.000724837,1.074891576
2,MANHATTAN,492,0.00040139,201.8527132,0.00047043,0.853240915
3,MANHATTAN,348,0.00028391,146.5767442,0.000341606,0.831103928
4,MANHATTAN,278,0.000226802,134.103876,0.000312537,0.72567912
5,MANHATTAN,316,0.000257803,180.8527132,0.000421488,0.611650332
6,MANHATTAN,400,0.000326333,333.7581395,0.000777844,0.419536052
7,MANHATTAN,790,0.000644509,626.6806202,0.001460517,0.441287868
8,MANHATTAN,1073,0.00087539,837.8821705,0.001952736,0.448288847
9,MANHATTAN,2241,0.001828283,885.9875969,0.002064848,0.885432331
10,MANHATTAN,2576,0.002101588,813.2015504,0.001895216,1.108890907
11,MANHATTAN,2562,0.002090166,757.1581395,0.001764603,1.184496254
12,MANHATTAN,2558,0.002086903,746.2496124,0.00173918,1.199934619
13,MANHATTAN,2578,0.002103219,741.0604651,0.001727087,1.217784466
14,MANHATTAN,2501,0.0020404,755.9953488,0.001761893,1.158072449
15,MANHATTAN,2716,0.002215804,810.6511628,0.001889272,1.172834998
16,MANHATTAN,2306,0.001881313,872.1333333,0.00203256,0.925587709
17,MANHATTAN,2629,0.002144827,891.5751938,0.00207787,1.032223569
18,MANHATTAN,2479,0.002022452,900.8775194,0.00209955,0.963278659
19,MANHATTAN,2204,0.001798097,895.6434109,0.002087352,0.861425288
20,MANHATTAN,1782,0.001453816,793.5193798,0.001849345,0.786124485
21,MANHATTAN,1432,0.001168274,705.3503876,0.001643862,0.710688471
22,MANHATTAN,1210,0.000987159,639.4093023,0.001490182,0.662441576
23,MANHATTAN,1005,0.000819913,575.448062,0.001341117,0.611365731
24,MANHATTAN,818,0.000667352,525.1350932,0.001223859,0.54528484
25,MANHATTAN,981,0.000800333,347.4037267,0.000809646,0.988497775
26,MANHATTAN,404,0.000329597,223.5248447,0.000520938,0.632698383
27,MANHATTAN,300,0.00024475,157.5295031,0.000367132,0.666654037
28,MANHATTAN,251,0.000204774,141.9627329,0.000330853,0.618928572
29,MANHATTAN,231,0.000188458,183.8944099,0.000428577,0.439728499
30,MANHATTAN,421,0.000343466,349.826087,0.000815291,0.421280217
31,MANHATTAN,839,0.000684484,656.1009317,0.001529083,0.447643691
32,MANHATTAN,1181,0.0009635,870.8649068,0.002029604,0.474722995
33,MANHATTAN,2346,0.001913946,908.257764,0.00211675,0.90419073
34,MANHATTAN,2790,0.002276176,837.5186335,0.001951888,1.166140521
35,MANHATTAN,2762,0.002253333,773.4813665,0.001802646,1.250014296
36,MANHATTAN,2891,0.002358575,761.189441,0.001773998,1.329524969
37,MANHATTAN,2827,0.002306362,760.7158385,0.001772895,1.30090179
38,MANHATTAN,2792,0.002277808,772.5248447,0.001800416,1.265156118
39,MANHATTAN,2988,0.002437711,812.4580745,0.001893483,1.287421612
40,MANHATTAN,2589,0.002112193,865.7142857,0.0020176,1.046884158
41,MANHATTAN,2960,0.002414868,901.2639752,0.002100451,1.149690282
42,MANHATTAN,2687,0.002192145,924.2360248,0.002153988,1.017714437
43,MANHATTAN,2567,0.002094245,902.5403727,0.002103425,0.995635543
44,MANHATTAN,2234,0.001822572,833.8493789,0.001943337,0.937857208
45,MANHATTAN,1721,0.00140405,741.4704969,0.001728042,0.812508956
46,MANHATTAN,1422,0.001160116,684.7111801,0.001595761,0.726998205
47,MANHATTAN,1229,0.00100266,626.1024845,0.00145917,0.687143776
48,MANHATTAN,1069,0.000872126,544.9262166,0.001269984,0.686722322
49,MANHATTAN,1096,0.000894154,388.032967,0.000904335,0.988742247
50,MANHATTAN,525,0.000428313,250.1601256,0.000583013,0.734653207
51,MANHATTAN,301,0.000245566,175.5274725,0.000409077,0.600292003
52,MANHATTAN,243,0.000198248,151.6656201,0.000353466,0.560867519
53,MANHATTAN,261,0.000212933,193.3579278,0.000450632,0.472519446
54,MANHATTAN,378,0.000308385,350.8571429,0.000817694,0.377140037
55,MANHATTAN,724,0.000590664,659.043956,0.001535942,0.384561095
56,MANHATTAN,1086,0.000885995,867.0031397,0.002020604,0.438480533
57,MANHATTAN,2162,0.001763832,898.0549451,0.002092972,0.842740649
58,MANHATTAN,2549,0.00207956,840.2747253,0.001958312,1.061914856
59,MANHATTAN,2597,0.00211872,782.8398744,0.001824456,1.161288626
60,MANHATTAN,2512,0.002049374,768.8194662,0.001791781,1.143764007
61,MANHATTAN,2749,0.002242727,769.9230769,0.001794353,1.249880707
62,MANHATTAN,2846,0.002321863,788.3594976,0.00183732,1.263722602
63,MANHATTAN,3181,0.002595167,840.0910518,0.001957883,1.325496153
64,MANHATTAN,2665,0.002174197,894.8822606,0.002085578,1.042491388
65,MANHATTAN,3086,0.002517663,913.44427,0.002128838,1.182646709
66,MANHATTAN,2987,0.002436895,925.2684458,0.002156395,1.130078552
67,MANHATTAN,2671,0.002179092,927.7802198,0.002162248,1.007789758
68,MANHATTAN,2260,0.001843784,858.4254317,0.002000613,0.921609675
69,MANHATTAN,1818,0.001483186,765.9984301,0.001785206,0.830820418
70,MANHATTAN,1513,0.001234356,702.0408163,0.001636149,0.754427876
71,MANHATTAN,1409,0.00114951,644.3296703,0.00150165,0.765497936
72,MANHATTAN,1133,0.00092434,590.328125,0.001375796,0.671858161
73,MANHATTAN,1226,0.001000212,406.5109375,0.000947399,1.055745883
74,MANHATTAN,614,0.000500922,268.0859375,0.000624791,0.801743595
75,MANHATTAN,417,0.000340203,185.6140625,0.000432585,0.786441351
76,MANHATTAN,318,0.000259435,156.6328125,0.000365042,0.710698723
77,MANHATTAN,323,0.000263514,191.784375,0.000446965,0.589563329
78,MANHATTAN,393,0.000320623,340.3734375,0.000793261,0.404183008
79,MANHATTAN,807,0.000658378,630.4078125,0.001469204,0.448118744
80,MANHATTAN,1052,0.000858257,831.1234375,0.001936984,0.443089412
81,MANHATTAN,2232,0.001820941,879.3453125,0.002049368,0.888537781
82,MANHATTAN,2619,0.002136668,818.50625,0.001907579,1.120094488
83,MANHATTAN,2671,0.002179092,772.25,0.001799776,1.210757401
84,MANHATTAN,2779,0.002267202,757.1546875,0.001764595,1.284828297
85,MANHATTAN,2751,0.002244359,758.1921875,0.001767013,1.270142496
86,MANHATTAN,2840,0.002316968,784.4375,0.001828179,1.267363381
87,MANHATTAN,3041,0.00248095,839.378125,0.001956222,1.268235585
88,MANHATTAN,2570,0.002096693,893.26875,0.002081817,1.007145331
89,MANHATTAN,3038,0.002478503,903.925,0.002106652,1.176512466
90,MANHATTAN,2921,0.00238305,916.903125,0.002136899,1.115191025
91,MANHATTAN,2624,0.002140748,907.859375,0.002115822,1.011780744
92,MANHATTAN,2294,0.001871523,865.821875,0.002017851,0.927483134
93,MANHATTAN,2010,0.001639826,780.034375,0.001817918,0.902035183
94,MANHATTAN,1728,0.001409761,727.0453125,0.001694423,0.832000181
95,MANHATTAN,1634,0.001333072,673.740625,0.001570194,0.848985902
96,MANHATTAN,1276,0.001041004,662.2386185,0.001543388,0.674492823
97,MANHATTAN,1513,0.001234356,464.4897959,0.001082522,1.140260058
98,MANHATTAN,816,0.00066572,328.6985871,0.000766052,0.869027426
99,MANHATTAN,589,0.000480526,228.522763,0.000532586,0.902250206
100,MANHATTAN,427,0.000348361,187.2590267,0.000436419,0.798226745
101,MANHATTAN,450,0.000367125,211.9874411,0.00049405,0.743093637
102,MANHATTAN,435,0.000354888,346.8383046,0.000808328,0.439039266
103,MANHATTAN,780,0.00063635,637.3076923,0.001485284,0.428436639
104,MANHATTAN,1125,0.000917813,847.5855573,0.00197535,0.46463309
105,MANHATTAN,2159,0.001761385,889.7959184,0.002073724,0.849382668
106,MANHATTAN,2702,0.002204383,821.4819466,0.001914514,1.151405985
107,MANHATTAN,2637,0.002151353,771.9167975,0.001798999,1.195861267
108,MANHATTAN,2879,0.002348785,771.1318681,0.00179717,1.306935561
109,MANHATTAN,2858,0.002331653,777.0345369,0.001810926,1.287546918
110,MANHATTAN,2826,0.002305546,791.4756672,0.001844582,1.249901391
111,MANHATTAN,3198,0.002609036,853.8979592,0.001990061,1.311033066
112,MANHATTAN,2769,0.002259044,899.3626374,0.00209602,1.077777904
113,MANHATTAN,3172,0.002587824,891.188383,0.002076969,1.245962075
114,MANHATTAN,3238,0.00264167,906.0062794,0.002111503,1.251084946
115,MANHATTAN,2884,0.002352864,909.2653061,0.002119098,1.110313952
116,MANHATTAN,2411,0.001966975,873.2025118,0.002035052,0.966547931
117,MANHATTAN,2147,0.001751595,797.8744113,0.001859495,0.941973465
118,MANHATTAN,1764,0.001439131,736.3281005,0.001716058,0.838626087
119,MANHATTAN,1790,0.001460342,706.2354788,0.001645925,0.887247249
120,MANHATTAN,1617,0.001319203,687.4335443,0.001602106,0.823418198
121,MANHATTAN,1922,0.001568032,563.7163233,0.001313775,1.193531634
122,MANHATTAN,1320,0.0010769,457.2400951,0.001065626,1.010580203
123,MANHATTAN,1115,0.000909655,368.8415214,0.000859608,1.058220631
124,MANHATTAN,899,0.000733434,301.8320127,0.000703438,1.042642812
125,MANHATTAN,837,0.000682853,260.8240887,0.000607866,1.12335991
126,MANHATTAN,660,0.00053845,255.2012678,0.000594762,0.905320322
127,MANHATTAN,583,0.000475631,347.114897,0.000808972,0.587944678
128,MANHATTAN,548,0.000447077,464.389065,0.001082287,0.413085295
129,MANHATTAN,1099,0.000896601,578.7892235,0.001348904,0.664688887
130,MANHATTAN,1300,0.001060584,657.2155309,0.001531681,0.692431308
131,MANHATTAN,1564,0.001275964,707.6141046,0.001649138,0.773715735
132,MANHATTAN,1836,0.001497871,747.8568038,0.001742926,0.859400079
133,MANHATTAN,1987,0.001621062,783.1637658,0.001825211,0.88815025
134,MANHATTAN,2153,0.00175649,803.664557,0.001872989,0.937800318
135,MANHATTAN,2338,0.001907419,827.2223101,0.001927892,0.989380689
136,MANHATTAN,1999,0.001630852,855.0134494,0.001992661,0.818429
137,MANHATTAN,2467,0.002012662,853.25,0.001988551,1.012124678
138,MANHATTAN,2229,0.001818493,849.9493671,0.001980859,0.918032751
139,MANHATTAN,2182,0.001780149,848.7856013,0.001978147,0.899907568
140,MANHATTAN,1980,0.001615351,818.4849684,0.001907529,0.846828847
141,MANHATTAN,1891,0.001542742,774.7072785,0.001805503,0.854466527
142,MANHATTAN,1763,0.001438315,730.1693038,0.001701704,0.845220268
143,MANHATTAN,1731,0.001412208,715.1890823,0.001666792,0.847261268
144,MANHATTAN,1691,0.001379575,449.9659541,0.001048673,1.315543201
145,MANHATTAN,1916,0.001563137,593.6262866,0.001383482,1.129857161
146,MANHATTAN,1360,0.001109534,485.4338876,0.001131333,0.980731172
147,MANHATTAN,1057,0.000862336,389.3182898,0.00090733,0.950410754
148,MANHATTAN,1027,0.000837861,323.7577197,0.000754537,1.110430732
149,MANHATTAN,996,0.00081257,272.5376089,0.000635166,1.279304886
150,MANHATTAN,599,0.000488684,220.2929533,0.000513406,0.951847511
151,MANHATTAN,440,0.000358967,266.9271576,0.00062209,0.577033565
152,MANHATTAN,415,0.000338571,345.3285827,0.000804809,0.420684714
153,MANHATTAN,631,0.000514791,431.2882027,0.001005143,0.512156798
154,MANHATTAN,809,0.000660009,536.0791766,0.001249365,0.528275835
155,MANHATTAN,1116,0.00091047,646.3966746,0.001506467,0.604374654
156,MANHATTAN,1342,0.001094849,719.2311956,0.001676212,0.653168394
157,MANHATTAN,1620,0.001321651,769.2573238,0.001792801,0.737198659
158,MANHATTAN,1839,0.001500318,790.3246239,0.0018419,0.814549305
159,MANHATTAN,2171,0.001771175,817.0673001,0.001904225,0.930128935
160,MANHATTAN,1815,0.001480738,832.8384798,0.001940981,0.762881368
161,MANHATTAN,2188,0.001785044,833.3729216,0.001942226,0.919071066
162,MANHATTAN,2023,0.001650432,819.8962787,0.001910818,0.863730248
163,MANHATTAN,1899,0.001549268,802.2977039,0.001869804,0.828572618
164,MANHATTAN,1761,0.001436683,756.8012668,0.001763772,0.814551724
165,MANHATTAN,1598,0.001303702,696.2201108,0.001622583,0.803473158
166,MANHATTAN,1294,0.001055689,619.6983373,0.001444245,0.730962516
167,MANHATTAN,1175,0.000958605,551.925574,0.001286296,0.745244038
168,MANHATTAN,954,0.000778305,473.1627907,0.001102735,0.705795608
1,QUEENS,1154,0.000941472,248.4317343,0.000578985,1.626072478
2,QUEENS,570,0.000465025,154.0209102,0.000358955,1.295496761
3,QUEENS,405,0.000330413,108.9212792,0.000253848,1.301617717
4,QUEENS,334,0.000272488,108.4587946,0.00025277,1.078010162
5,QUEENS,402,0.000327965,177.499385,0.000413673,0.792812268
6,QUEENS,591,0.000482158,371.2496925,0.00086522,0.557265991
7,QUEENS,1157,0.00094392,636.6359164,0.001483719,0.63618494
8,QUEENS,1644,0.001341231,816.797048,0.001903595,0.704577573
9,QUEENS,3598,0.00293537,836.1463715,0.00194869,1.506329603
10,QUEENS,2930,0.002390393,739.1500615,0.001722634,1.387637937
11,QUEENS,2492,0.002033058,697.600246,0.0016258,1.25049677
12,QUEENS,2568,0.002095061,696.5707257,0.001623401,1.290538491
13,QUEENS,2663,0.002172565,713.6568266,0.001663221,1.306239774
14,QUEENS,2812,0.002294124,750.9200492,0.001750065,1.310879518
15,QUEENS,3306,0.002697146,827.3136531,0.001928105,1.398858607
16,QUEENS,3145,0.002565797,881.4489545,0.002054271,1.249006344
17,QUEENS,3615,0.002949239,903.1832718,0.002104924,1.40111434
18,QUEENS,3653,0.002980241,894.4083641,0.002084473,1.429733133
19,QUEENS,3205,0.002614747,846.9175892,0.001973793,1.324732048
20,QUEENS,2455,0.002002872,750.0393604,0.001748013,1.145799433
21,QUEENS,1888,0.001540294,632.0541205,0.001473041,1.045656122
22,QUEENS,1442,0.001176432,523.6814268,0.001220472,0.963916137
23,QUEENS,1274,0.001039372,437.4710947,0.001019553,1.019438959
24,QUEENS,897,0.000731803,345.5608856,0.000805351,0.908675934
25,QUEENS,1006,0.000820729,234.9286593,0.000547516,1.499005209
26,QUEENS,430,0.000350808,147.1672817,0.000342982,1.022817969
27,QUEENS,293,0.000239039,106.0061501,0.000247054,0.967559586
28,QUEENS,228,0.00018601,108.4797048,0.000252819,0.735745329
29,QUEENS,280,0.000228433,178.1672817,0.00041523,0.550137487
30,QUEENS,507,0.000413628,393.5756458,0.000917252,0.450942226
31,QUEENS,1063,0.000867231,692.7195572,0.001614425,0.537176465
32,QUEENS,1656,0.001351021,894.2533825,0.002084112,0.648247577
33,QUEENS,3643,0.002972082,886.9483395,0.002067087,1.437811682
34,QUEENS,3068,0.002502978,761.3726937,0.001774426,1.410584865
35,QUEENS,2508,0.002046111,702.4378844,0.001637074,1.249858268
36,QUEENS,2540,0.002072218,691.6666667,0.001611971,1.285517614
37,QUEENS,2678,0.002184803,712.0332103,0.001659437,1.316592825
38,QUEENS,2815,0.002296572,753.4833948,0.001756039,1.307813677
39,QUEENS,3389,0.00276486,834.1512915,0.00194404,1.422223675
40,QUEENS,3110,0.002537243,893.5436654,0.002082458,1.218388441
41,QUEENS,3659,0.002985136,918.1168512,0.002139727,1.395100879
42,QUEENS,3760,0.003067535,925.1094711,0.002156024,1.422773866
43,QUEENS,3187,0.002600062,872.7749077,0.002034055,1.278265222
44,QUEENS,2516,0.002052638,764.2742927,0.001781188,1.152398134
45,QUEENS,1972,0.001608824,640.5670357,0.001492881,1.077664276
46,QUEENS,1526,0.001244962,527.6322263,0.001229679,1.012428546
47,QUEENS,1284,0.00104753,441.3345633,0.001028557,1.018446557
48,QUEENS,959,0.000782385,358.2360939,0.000834891,0.937109688
49,QUEENS,959,0.000782385,244.6922126,0.00057027,1.371954222
50,QUEENS,468,0.00038181,152.0568603,0.000354378,1.077409984
51,QUEENS,305,0.000248829,109.6440049,0.000255532,0.973769372
52,QUEENS,288,0.00023496,109.9456119,0.000256235,0.916971312
53,QUEENS,343,0.000279831,180.8393078,0.000421457,0.663960809
54,QUEENS,492,0.00040139,387.5822002,0.000903284,0.444367656
55,QUEENS,1124,0.000916997,685.974042,0.001598704,0.573587649
56,QUEENS,1660,0.001354284,882.7169345,0.002057226,0.658305966
57,QUEENS,3552,0.002897841,882.7824475,0.002057378,1.408511604
58,QUEENS,2958,0.002413236,775.3868974,0.001807086,1.335429216
59,QUEENS,2518,0.002054269,712.0444994,0.001659463,1.237911939
60,QUEENS,2452,0.002000424,703.9703337,0.001640646,1.219290723
61,QUEENS,2626,0.002142379,721.4252163,0.001681325,1.274220433
62,QUEENS,2679,0.002185618,764.3053152,0.00178126,1.227006873
63,QUEENS,3347,0.002730595,849.6959209,0.001980268,1.378901806
64,QUEENS,3143,0.002564165,888.7305315,0.002071241,1.23798517
65,QUEENS,3529,0.002879077,906.7713226,0.002113286,1.36236991
66,QUEENS,3605,0.00294108,921.6761434,0.002148022,1.369203763
67,QUEENS,3246,0.002648196,864.5092707,0.002014792,1.314377216
68,QUEENS,2509,0.002046927,768.3473424,0.00179068,1.143100012
69,QUEENS,1958,0.001597402,651.2571075,0.001517794,1.052449759
70,QUEENS,1614,0.001316756,545.9789864,0.001272437,1.034829412
71,QUEENS,1394,0.001137272,457.7552534,0.001066827,1.066032875
72,QUEENS,950,0.000775042,380.4103832,0.00088657,0.874203225
73,QUEENS,1034,0.000843572,258.9542645,0.000603509,1.397779391
74,QUEENS,438,0.000357335,161.1779975,0.000375635,0.951282519
75,QUEENS,334,0.000272488,117.5624227,0.000273986,0.994532777
76,QUEENS,284,0.000231697,118.9728059,0.000277273,0.835625717
77,QUEENS,369,0.000301043,191.6032138,0.000446543,0.674162728
78,QUEENS,538,0.000438919,406.1063041,0.000946456,0.463749769
79,QUEENS,1074,0.000876205,710.0148331,0.001654733,0.5295147
80,QUEENS,1697,0.00138447,906.7156984,0.002113156,0.655166781
81,QUEENS,3545,0.00289213,893.1285538,0.002081491,1.389451612
82,QUEENS,2941,0.002399367,769.0383189,0.001792291,1.338715236
83,QUEENS,2397,0.001955553,714.868974,0.001666046,1.173769301
84,QUEENS,2400,0.001958001,709.4252163,0.001653359,1.184256513
85,QUEENS,2648,0.002160328,726.0939431,0.001692206,1.27663377
86,QUEENS,2699,0.002201935,764.7169345,0.001782219,1.235501675
87,QUEENS,3205,0.002614747,857.23733,0.001997844,1.308784432
88,QUEENS,3026,0.002468713,896.4721879,0.002089283,1.18160757
89,QUEENS,3465,0.002826864,902.1421508,0.002102497,1.344526683
90,QUEENS,3703,0.003021032,913.2917182,0.002128482,1.419336444
91,QUEENS,3149,0.00256906,868.2694685,0.002023555,1.26957772
92,QUEENS,2527,0.002061612,789.3139679,0.001839544,1.120718691
93,QUEENS,2092,0.001706724,682.0506799,0.001589561,1.073708016
94,QUEENS,1668,0.001360811,574.3918418,0.001338655,1.016550469
95,QUEENS,1427,0.001164195,488.6143387,0.001138746,1.022348413
96,QUEENS,1017,0.000829703,463.4560099,0.001080113,0.768163374
97,QUEENS,1188,0.00096921,277.4969021,0.000646723,1.498647395
98,QUEENS,557,0.000454419,183.4845105,0.000427622,1.0626664
99,QUEENS,399,0.000325518,135.6976456,0.000316252,1.029299459
100,QUEENS,388,0.000316543,131.6889715,0.000306909,1.031391342
101,QUEENS,448,0.000365493,200.802974,0.000467984,0.780996405
102,QUEENS,533,0.000434839,401.7521685,0.000936308,0.464419173
103,QUEENS,1115,0.000909655,693.2094176,0.001615567,0.563055979
104,QUEENS,1688,0.001377127,887.0285006,0.002067274,0.666156132
105,QUEENS,3428,0.002796678,878.3333333,0.002047009,1.366226201
106,QUEENS,2921,0.00238305,767.0309789,0.001787613,1.333091054
107,QUEENS,2438,0.001989003,723.0061958,0.00168501,1.180409902
108,QUEENS,2547,0.002077928,731.0520446,0.001703761,1.219612341
109,QUEENS,2710,0.002210909,756.2627014,0.001762516,1.254404984
110,QUEENS,2884,0.002352864,794.0916976,0.001850679,1.271351858
111,QUEENS,3511,0.002864392,887.016109,0.002067245,1.385608325
112,QUEENS,3233,0.00263759,915.2007435,0.002132931,1.236603587
113,QUEENS,3745,0.003055297,919.5080545,0.00214297,1.425730518
114,QUEENS,3970,0.00323886,927.9454771,0.002162634,1.497646131
115,QUEENS,3476,0.002835838,885.244114,0.002063115,1.374541579
116,QUEENS,2866,0.002338179,808.1598513,0.001883466,1.241423826
117,QUEENS,2312,0.001886208,705.6047088,0.001644455,1.147010836
118,QUEENS,1871,0.001526425,607.6679058,0.001416207,1.077825985
119,QUEENS,1701,0.001387733,545.3234201,0.00127091,1.091921269
120,QUEENS,1492,0.001217224,493.4649721,0.00115005,1.058409317
121,QUEENS,1538,0.001254752,361.2368258,0.000841884,1.490409052
122,QUEENS,921,0.000751383,258.7265964,0.000602978,1.24611957
123,QUEENS,790,0.000644509,194.5263484,0.000453356,1.421640602
124,QUEENS,784,0.000639614,167.199628,0.000389669,1.641428302
125,QUEENS,978,0.000797885,191.3595784,0.000445975,1.789080206
126,QUEENS,869,0.000708959,250.5585865,0.000583942,1.21409214
127,QUEENS,796,0.000649404,373.5046497,0.000870475,0.746033306
128,QUEENS,772,0.000629824,500.1208927,0.001165562,0.540360337
129,QUEENS,1530,0.001248226,623.6354619,0.001453421,0.858819288
130,QUEENS,1899,0.001549268,692.1376317,0.001613069,0.960447573
131,QUEENS,2068,0.001687144,729.2430254,0.001699545,0.992703177
132,QUEENS,2440,0.001990634,767.3223807,0.001788292,1.113148543
133,QUEENS,2740,0.002235384,804.5703658,0.0018751,1.192141185
134,QUEENS,2981,0.002432,817.6181029,0.001905509,1.276299617
135,QUEENS,3301,0.002693067,827.9386237,0.001929561,1.395688637
136,QUEENS,2673,0.002180723,838.4575325,0.001954076,1.115986779
137,QUEENS,3210,0.002618826,836.0229386,0.001948402,1.344088918
138,QUEENS,2940,0.002398551,819.8388097,0.001910684,1.255336102
139,QUEENS,2643,0.002156248,798.6267824,0.001861248,1.158495775
140,QUEENS,2311,0.001885392,759.133912,0.001769208,1.065669937
141,QUEENS,2112,0.001723041,689.550527,0.00160704,1.072183157
142,QUEENS,1863,0.001519898,612.1295722,0.001426605,1.065395003
143,QUEENS,1767,0.001441578,557.1029138,0.001298362,1.110304963
144,QUEENS,1475,0.001203355,354.7780533,0.000826832,1.45538011
145,QUEENS,1560,0.001272701,393.4581525,0.000916978,1.387928876
146,QUEENS,1076,0.000877837,284.2045877,0.000662356,1.325324873
147,QUEENS,960,0.0007832,213.8729076,0.000498444,1.571290992
148,QUEENS,943,0.000769331,178.4916305,0.000415986,1.849417648
149,QUEENS,1142,0.000931682,185.2269064,0.000431683,2.158257169
150,QUEENS,989,0.00080686,195.5871048,0.000455828,1.770097689
151,QUEENS,702,0.000572715,265.1438314,0.000617934,0.926822879
152,QUEENS,620,0.000505817,345.1202728,0.000804324,0.628872176
153,QUEENS,1140,0.00093005,451.4755115,0.001052191,0.883917667
154,QUEENS,1327,0.001082611,561.3973962,0.001308371,0.827449867
155,QUEENS,1770,0.001444026,661.1394916,0.001540826,0.937176367
156,QUEENS,2043,0.001666748,719.2355859,0.001676222,0.994347901
157,QUEENS,2213,0.00180544,760.683819,0.00177282,1.018400016
158,QUEENS,2531,0.002064875,786.3273404,0.001832584,1.126756133
159,QUEENS,2879,0.002348785,807.3477991,0.001881573,1.24830917
160,QUEENS,2437,0.001988187,811.7309361,0.001891788,1.050956143
161,QUEENS,2770,0.002259859,797.9132052,0.001859585,1.215249016
162,QUEENS,2510,0.002047743,765.7941723,0.00178473,1.147368245
163,QUEENS,2377,0.001939237,738.6522009,0.001721474,1.126497798
164,QUEENS,2031,0.001656958,691.399876,0.00161135,1.028304621
165,QUEENS,1787,0.001457895,630.8605084,0.001470259,0.991590535
166,QUEENS,1535,0.001252305,538.5678859,0.001255165,0.997720942
167,QUEENS,1411,0.001151141,463.0706758,0.001079214,1.06664744
168,QUEENS,1022,0.000833782,335.00492,0.000780749,1.067925292
1,STATEN ISLAND,142,0.000115848,131.0594059,0.000305442,0.379281195
2,STATEN ISLAND,70,5.71E-05,75.2029703,0.000175265,0.325839858
3,STATEN ISLAND,42,3.43E-05,54.92574257,0.000128008,0.267679132
4,STATEN ISLAND,39,3.18E-05,58.74752475,0.000136915,0.232389336
5,STATEN ISLAND,43,3.51E-05,106.8019802,0.000248909,0.140938717
6,STATEN ISLAND,58,4.73E-05,255.7920792,0.000596139,0.079374694
7,STATEN ISLAND,130,0.000106058,456.1386139,0.001063059,0.099767175
8,STATEN ISLAND,251,0.000204774,645.9405941,0.001505404,0.136026118
9,STATEN ISLAND,515,0.000420154,655.7871287,0.001528352,0.274906812
10,STATEN ISLAND,414,0.000337755,588.2029703,0.001370843,0.246385014
11,STATEN ISLAND,358,0.000292068,584.2475248,0.001361625,0.214500005
12,STATEN ISLAND,386,0.000314912,606.8316832,0.001414258,0.222669236
13,STATEN ISLAND,432,0.00035244,631.1584158,0.001470953,0.239599844
14,STATEN ISLAND,430,0.000350808,664.6633663,0.001549039,0.226468537
15,STATEN ISLAND,537,0.000438103,723.7574257,0.001686761,0.259730179
16,STATEN ISLAND,553,0.000451156,765.3217822,0.001783629,0.25294274
17,STATEN ISLAND,680,0.000554767,776.460396,0.001809588,0.306570784
18,STATEN ISLAND,602,0.000491132,786.0544554,0.001831948,0.268092719
19,STATEN ISLAND,483,0.000394048,713.3514851,0.001662509,0.237019852
20,STATEN ISLAND,394,0.000321438,588.8762376,0.001372412,0.234214271
21,STATEN ISLAND,302,0.000246382,456.3415842,0.001063532,0.231663738
22,STATEN ISLAND,197,0.000160719,349.3168317,0.000814104,0.197418512
23,STATEN ISLAND,173,0.000141139,261.8564356,0.000610272,0.231272509
24,STATEN ISLAND,140,0.000114217,208.6039604,0.000486164,0.234934419
25,STATEN ISLAND,127,0.000103611,125.0742574,0.000291493,0.355448716
26,STATEN ISLAND,83,6.77E-05,78.34158416,0.00018258,0.370874441
27,STATEN ISLAND,40,3.26E-05,58.02475248,0.00013523,0.241316966
28,STATEN ISLAND,41,3.34E-05,61.16831683,0.000142556,0.234638076
29,STATEN ISLAND,35,2.86E-05,111.7475248,0.000260434,0.109640572
30,STATEN ISLAND,52,4.24E-05,271.8762376,0.000633624,0.066953495
31,STATEN ISLAND,145,0.000118296,504.2326733,0.001175145,0.100664926
32,STATEN ISLAND,238,0.000194168,744.5,0.001735103,0.111906011
33,STATEN ISLAND,525,0.000428313,718.960396,0.001675581,0.255620392
34,STATEN ISLAND,458,0.000373652,608.5990099,0.001418377,0.263436167
35,STATEN ISLAND,390,0.000318175,583.4356436,0.001359732,0.233998358
36,STATEN ISLAND,399,0.000325518,600.7920792,0.001400183,0.232482281
37,STATEN ISLAND,429,0.000349993,627.5247525,0.001462485,0.239313717
38,STATEN ISLAND,472,0.000385074,661.7772277,0.001542312,0.249672863
39,STATEN ISLAND,599,0.000488684,751.4752475,0.001751359,0.279031545
40,STATEN ISLAND,530,0.000432392,803.0544554,0.001871567,0.231031945
41,STATEN ISLAND,681,0.000555583,824.2326733,0.001920925,0.289226743
42,STATEN ISLAND,677,0.000552319,815.1386139,0.00189973,0.290735701
43,STATEN ISLAND,586,0.000478079,760.6683168,0.001772784,0.269676715
44,STATEN ISLAND,408,0.00033286,632.3663366,0.001473768,0.225856494
45,STATEN ISLAND,302,0.000246382,490.970297,0.001144236,0.215324222
46,STATEN ISLAND,248,0.000202327,370.8564356,0.000864304,0.234092243
47,STATEN ISLAND,160,0.000130533,287.5940594,0.000670256,0.194751689
48,STATEN ISLAND,132,0.00010769,208.5346535,0.000486003,0.221583214
49,STATEN ISLAND,116,9.46E-05,131.9158416,0.000307438,0.307823802
50,STATEN ISLAND,74,6.04E-05,79.98019802,0.000186399,0.32388468
51,STATEN ISLAND,49,4.00E-05,59.23762376,0.000138057,0.289560696
52,STATEN ISLAND,32,2.61E-05,64.30693069,0.000149871,0.174194067
53,STATEN ISLAND,36,2.94E-05,113.8069307,0.000265234,0.110732461
54,STATEN ISLAND,61,4.98E-05,275.990099,0.000643212,0.077370872
55,STATEN ISLAND,128,0.000104427,516.9257426,0.001204727,0.086680812
56,STATEN ISLAND,261,0.000212933,760.8811881,0.00177328,0.120078381
57,STATEN ISLAND,572,0.000466657,732.029703,0.00170604,0.273532218
58,STATEN ISLAND,461,0.000376099,632.0643564,0.001473065,0.25531762
59,STATEN ISLAND,408,0.00033286,594.9455446,0.001386557,0.24006238
60,STATEN ISLAND,404,0.000329597,608.950495,0.001419196,0.23224188
61,STATEN ISLAND,455,0.000371204,633.1831683,0.001475672,0.251549348
62,STATEN ISLAND,477,0.000389153,668.1485149,0.001557161,0.249911668
63,STATEN ISLAND,612,0.00049929,773.009901,0.001801547,0.277145306
64,STATEN ISLAND,575,0.000469104,809.2376238,0.001885978,0.248732732
65,STATEN ISLAND,658,0.000536819,811.1881188,0.001890523,0.283952354
66,STATEN ISLAND,660,0.00053845,822.7227723,0.001917406,0.280822291
67,STATEN ISLAND,556,0.000453604,766.7475248,0.001786952,0.253842052
68,STATEN ISLAND,382,0.000311648,640.039604,0.001491651,0.208928495
69,STATEN ISLAND,339,0.000276568,502.1435644,0.001170276,0.236326791
70,STATEN ISLAND,245,0.000199879,385.1534653,0.000897624,0.222676013
71,STATEN ISLAND,190,0.000155008,294.0742574,0.000685358,0.226171435
72,STATEN ISLAND,159,0.000129718,222.7574257,0.00051915,0.249865385
73,STATEN ISLAND,117,9.55E-05,133.5049505,0.000311141,0.306781844
74,STATEN ISLAND,55,4.49E-05,81.20792079,0.00018926,0.237085755
75,STATEN ISLAND,51,4.16E-05,61.67326733,0.000143733,0.289477212
76,STATEN ISLAND,46,3.75E-05,66.4950495,0.000154971,0.242164055
77,STATEN ISLAND,37,3.02E-05,114.1831683,0.000266111,0.11343336
78,STATEN ISLAND,62,5.06E-05,278.0940594,0.000648115,0.078044291
79,STATEN ISLAND,145,0.000118296,529.4455446,0.001233905,0.095871134
80,STATEN ISLAND,239,0.000194984,785.6534653,0.001831013,0.106489805
81,STATEN ISLAND,557,0.000454419,748.2376238,0.001743813,0.260589441
82,STATEN ISLAND,422,0.000344282,637.5693069,0.001485894,0.231700094
83,STATEN ISLAND,391,0.000318991,600.3168317,0.001399075,0.22800134
84,STATEN ISLAND,396,0.00032307,617.0148515,0.001437991,0.224667747
85,STATEN ISLAND,454,0.000370389,639.3663366,0.001490082,0.248569162
86,STATEN ISLAND,417,0.000340203,674.950495,0.001573013,0.21627449
87,STATEN ISLAND,611,0.000498474,780.5742574,0.001819176,0.274011094
88,STATEN ISLAND,571,0.000465841,833.3910891,0.001942269,0.239843756
89,STATEN ISLAND,710,0.000579242,833.5841584,0.001942719,0.298160465
90,STATEN ISLAND,645,0.000526213,847.1831683,0.001974412,0.266516166
91,STATEN ISLAND,552,0.00045034,789.8712871,0.001840843,0.244637997
92,STATEN ISLAND,414,0.000337755,666.6930693,0.001553769,0.217377987
93,STATEN ISLAND,343,0.000279831,539.1831683,0.001256599,0.222689098
94,STATEN ISLAND,254,0.000207222,410.5792079,0.00095688,0.216559842
95,STATEN ISLAND,220,0.000179483,311.3366337,0.000725589,0.247362361
96,STATEN ISLAND,153,0.000124823,302.009901,0.000703853,0.177341922
97,STATEN ISLAND,151,0.000123191,144.2029703,0.000336074,0.366559013
98,STATEN ISLAND,64,5.22E-05,89.42574257,0.000208412,0.250529332
99,STATEN ISLAND,77,6.28E-05,67.81188119,0.00015804,0.397489897
100,STATEN ISLAND,54,4.41E-05,67.73267327,0.000157855,0.279085135
101,STATEN ISLAND,53,4.32E-05,116.7920792,0.000272191,0.158856007
102,STATEN ISLAND,70,5.71E-05,271.0148515,0.000631617,0.090416171
103,STATEN ISLAND,159,0.000129718,511.4554455,0.001191978,0.108825452
104,STATEN ISLAND,242,0.000197432,770.8019802,0.001796401,0.109904052
105,STATEN ISLAND,531,0.000433208,730.0247525,0.001701367,0.254623273
106,STATEN ISLAND,427,0.000348361,626.9257426,0.001461089,0.238425627
107,STATEN ISLAND,379,0.000309201,615.8564356,0.001435291,0.215427374
108,STATEN ISLAND,393,0.000320623,646.3960396,0.001506465,0.212831068
109,STATEN ISLAND,489,0.000398943,689.7128713,0.001607418,0.24818852
110,STATEN ISLAND,487,0.000397311,739.2970297,0.001722977,0.230595677
111,STATEN ISLAND,648,0.00052866,845.2079208,0.001969809,0.268381521
112,STATEN ISLAND,648,0.00052866,845.5049505,0.001970501,0.268287237
113,STATEN ISLAND,692,0.000564557,842.8217822,0.001964248,0.287416373
114,STATEN ISLAND,705,0.000575163,842.9405941,0.001964524,0.292774542
115,STATEN ISLAND,635,0.000518054,802.6485149,0.001870621,0.276942418
116,STATEN ISLAND,482,0.000393232,687.8712871,0.001603126,0.245290664
117,STATEN ISLAND,326,0.000265962,537.6633663,0.001253057,0.212250301
118,STATEN ISLAND,276,0.00022517,430.8415842,0.001004103,0.224250092
119,STATEN ISLAND,248,0.000202327,369.7623762,0.000861754,0.234784879
120,STATEN ISLAND,195,0.000159088,320.9480198,0.000747989,0.212687062
121,STATEN ISLAND,212,0.000172957,207.5618812,0.000483736,0.357543942
122,STATEN ISLAND,125,0.000101979,133.6534653,0.000311488,0.327394177
123,STATEN ISLAND,122,9.95E-05,91.80693069,0.000213962,0.465184809
124,STATEN ISLAND,106,8.65E-05,75.38861386,0.000175698,0.492199614
125,STATEN ISLAND,103,8.40E-05,83.0049505,0.000193448,0.434384571
126,STATEN ISLAND,91,7.42E-05,131.3316832,0.000306077,0.242556571
127,STATEN ISLAND,109,8.89E-05,217.5346535,0.000506978,0.175403885
128,STATEN ISLAND,88,7.18E-05,339.1584158,0.000790429,0.09082831
129,STATEN ISLAND,198,0.000161535,476.7425743,0.001111078,0.145385942
130,STATEN ISLAND,279,0.000227618,574.279703,0.001338394,0.170067723
131,STATEN ISLAND,362,0.000295332,646.7871287,0.001507377,0.195924327
132,STATEN ISLAND,426,0.000347545,716.1460396,0.001669022,0.208232813
133,STATEN ISLAND,480,0.0003916,750.1856436,0.001748353,0.223982274
134,STATEN ISLAND,542,0.000442182,760.6757426,0.001772801,0.249425517
135,STATEN ISLAND,519,0.000423418,752.8589109,0.001754584,0.241320893
136,STATEN ISLAND,420,0.00034265,744.3292079,0.001734705,0.19752651
137,STATEN ISLAND,535,0.000436471,728.2252475,0.001697173,0.257175274
138,STATEN ISLAND,472,0.000385074,696.7821782,0.001623893,0.237129795
139,STATEN ISLAND,395,0.000322254,653.7351485,0.00152357,0.211512687
140,STATEN ISLAND,379,0.000309201,591.8787129,0.001379409,0.224154597
141,STATEN ISLAND,284,0.000231697,483.0594059,0.001125799,0.205806439
142,STATEN ISLAND,246,0.000200695,413.6856436,0.00096412,0.208164093
143,STATEN ISLAND,238,0.000194168,372.6782178,0.000868549,0.223554856
144,STATEN ISLAND,224,0.000182747,188.8910891,0.000440222,0.415123873
145,STATEN ISLAND,210,0.000171325,241.0445545,0.000561769,0.304974222
146,STATEN ISLAND,134,0.000109322,151.7871287,0.000353749,0.309037381
147,STATEN ISLAND,134,0.000109322,100.4430693,0.000234089,0.46700979
148,STATEN ISLAND,119,9.71E-05,74.99009901,0.000174769,0.55550017
149,STATEN ISLAND,117,9.55E-05,66.76485149,0.0001556,0.613449951
150,STATEN ISLAND,109,8.89E-05,84.46782178,0.000196857,0.451727328
151,STATEN ISLAND,88,7.18E-05,141.4133663,0.000329572,0.217837866
152,STATEN ISLAND,94,7.67E-05,220.7970297,0.000514581,0.149030716
153,STATEN ISLAND,158,0.000128902,322.4950495,0.000751594,0.171504372
154,STATEN ISLAND,205,0.000167246,447.6163366,0.001043197,0.160320513
155,STATEN ISLAND,271,0.000221091,566.1089109,0.001319351,0.167575476
156,STATEN ISLAND,297,0.000242303,655.1831683,0.001526944,0.158684636
157,STATEN ISLAND,342,0.000279015,707.5470297,0.001648982,0.169204518
158,STATEN ISLAND,413,0.000336939,708.7772277,0.001651849,0.203977121
159,STATEN ISLAND,433,0.000353256,694.8316832,0.001619348,0.2181471
160,STATEN ISLAND,357,0.000291253,657.8539604,0.001533169,0.189967752
161,STATEN ISLAND,431,0.000351624,640.8415842,0.00149352,0.235433222
162,STATEN ISLAND,367,0.000299411,602.299505,0.001403696,0.213301898
163,STATEN ISLAND,305,0.000248829,567.9480198,0.001323638,0.187988989
164,STATEN ISLAND,266,0.000217012,509.4282178,0.001187254,0.182784683
165,STATEN ISLAND,247,0.000201511,431.8465347,0.001006445,0.200220562
166,STATEN ISLAND,233,0.000190089,334.0272277,0.000778471,0.244182881
167,STATEN ISLAND,174,0.000141955,262.4826733,0.000611732,0.23205438
168,STATEN ISLAND,133,0.000108506,188.8613861,0.000440153,0.246518564
